Resource,EndCap,x1,x1_1,x1_2
MA_Diesel_Gen,0.0,0.0,0.0,0.0
MA_Biodiesel_Gen,0.5673709287711878,0.0,0.0,0.0
MA_Methanol_FC,0.0,0.0,0.0,0.0
MA_Hydrogen_FC,0.34284456954276527,0.5458117118389457,0.48651961225256113,0.0
MA_Ammonia_Gen,1.118026656686047,1.4366434641610542,0.43759686579276025,0.0
MA_Primary_Al_Air_BESS,0.0,0.0,0.0,1.168510562
MA_Secondary_Li_Ion_BESS,0.0,0.0,0.0,1.884353207747468
MA_Secondary_Iron_Air_BESS,0.1662951119988133,0.21208209100000008,1.2704207889546786,0.3101840592525318
Total,2.1945372669988132,2.194537267,2.194537267,3.3630478289999997
