CFix,CReplacement,CVar,Iteration
169.49236685413038,389.6774080724803,0.0,1
166.1025195170478,837.6415136992201,0.0,2
105.995574712,1556.6602617518358,0.0,3
270.6686318638362,274.8541096373018,0.0,4
408.8355481378919,908.0200638838803,0.0,5
0.0,12258.587849883197,0.0,6
31362.08444796029,29.96141295352779,0.0,7
9626.128525441814,49.02776666272941,0.0,8
