Resource,EndCap,x1,x1_1,x1_2
MA_Diesel_Gen,0.0,0.0,0.0,0.0
MA_Biodiesel_Gen,0.0,0.0,0.0,0.0
MA_Methanol_FC,0.0,0.0,0.0,0.0
MA_Hydrogen_FC,0.0,0.0,0.0,0.0
MA_Ammonia_Gen,0.0,0.0,0.0,0.0
MA_Primary_Al_Air_BESS,1.168510562,1.168510562,1.168510562,1.168510562
MA_Secondary_Li_Ion_BESS,1.884353207747468,1.8843532077474723,1.8843532077474785,1.884353207747475
MA_Secondary_Iron_Air_BESS,0.3101840592525318,0.31018405925252757,0.31018405925252135,0.3101840592525249
Total,3.3630478289999997,3.363047829,3.363047829,3.363047829
