Resource,EndCap,x1,x1_1,x1_2,x1_3,x1_4
MA_Diesel_Gen,1.270683807838094,1.1979770688244828,1.1252757673047584,1.0521680339310213,0.976666673961223,0.8961037500723735
MA_Biodiesel_Gen,0.5727493247255421,0.6454560637391542,0.7181573652588786,0.7912650986326158,0.8667664586024142,0.9473293824912651
MA_Methanol_FC,0.0,0.0,0.0,0.0,0.0,0.0
MA_Hydrogen_FC,0.0,0.0,0.0,0.0,0.0,0.0
MA_Ammonia_Gen,0.0,0.0,0.0,0.0,0.0,0.0
MA_Primary_Al_Air_BESS,0.0,0.0,0.0,0.0,0.0,0.0
MA_Secondary_Li_Ion_BESS,0.0,0.0,0.0,0.0,0.0,0.0
MA_Secondary_Iron_Air_BESS,1.589928025,1.589928025,1.589928025,1.589928025,1.589928025,1.589928025
Total,3.4333611575636365,3.4333611575636374,3.4333611575636374,3.4333611575636374,3.4333611575636374,3.4333611575636387
