Resource,EndCap,x1,x1_1,x1_2,x1_3,x1_4,x1_5
MA_Diesel_Gen,0.0,0.0,0.0,0.0,0.0,0.0,0.0
MA_Biodiesel_Gen,0.0,0.0,0.0,0.0,0.0,0.0,0.0
MA_Methanol_FC,0.0,0.0,0.0,0.0,0.0,0.0,0.0
MA_Hydrogen_FC,0.0035318089516327015,0.002985369315737341,0.0024389296798925653,0.0018924900440400183,0.001346050408182654,0.0007996107723237028,0.0001883058607925663
MA_Ammonia_Gen,0.0,0.0,0.0,0.0,0.0,0.0,0.0
MA_Primary_Al_Air_BESS,0.0,0.0,0.0,0.0,0.0,0.0,0.0
MA_Secondary_Li_Ion_BESS,2.1910054580483673,2.1915518976842625,2.1920983373201075,2.1926447769559596,2.193191216591817,2.1937376562276762,2.194348961139207
MA_Secondary_Iron_Air_BESS,0.0,0.0,0.0,0.0,0.0,0.0,0.0
Total,2.194537267,2.194537267,2.1945372670000003,2.1945372669999994,2.194537267,2.194537267,2.194537267
