Resource,EndCap,x1,x1_1,x1_2,x1_3,x1_4,x1_5,x1_6,x1_7,x1_8
MA_Diesel_Gen,0.363695612,0.290221649,0.216747686,0.143273723,0.069799759,0,0,0,0,0
MA_Biodiesel_Gen,0.636304388,0.709778351,0.783252314,0.856726277,0.930200241,0.98073354,0.595457393,0.210181245,0,0
MA_Methanol_FC,0,0,0,0,0,0,0,0,0,0
MA_Hydrogen_FC,0,0,0,0,0,0,0,0,0.343166931,0
MA_Ammonia_Gen,0,0,0,0,0,0.01926646,0.404542607,0.789818755,0.656833069,0
MA_Primary_Al_Air_BESS,0,0,0,0,0,0,0,0,0,0
MA_Secondary_Li_Ion_BESS,0,0,0,0,0,0,0,0,0,1
MA_Secondary_Iron_Air_BESS,0,0,0,0,0,0,0,0,0,0
Total,1,1,1,1,1,1,1,1,1,1
