Column2,Column2_1
210.47952403338414,210.5620276766224
1.381540983,1.3507508835023039
0.0,0.0
0.0,0.0
0.0,0.0
0.0,0.0
0.05403126899999977,0.043786383497695924
0.0,0.0
0.058965015000000065,0.0
0.0,0.0
0.7,0.8
2.194537267,2.194537267
158635.86951676605,154415.00047389054
16.0,16.0
