Capacity_Constraint,Overall_Cost
0.0,1.4105907178897671e6
0.5,1.4051115191853489e6
1.0,1.3996323204809495e6
1.5,1.3941531217765424e6
2.0,1.3886739230721311e6
2.5,1.3831947243677338e6
