Capacity_Constraint,Capacity_Constraint_Dual
0.1,-0.0
0.2357142857142857,-0.0
0.37142857142857144,-0.0
0.5071428571428571,-0.0
0.6428571428571429,-0.0
0.7785714285714286,-0.0
0.9142857142857143,-0.0
1.05,-0.0
1.1857142857142857,-0.0
1.3214285714285714,-0.0
1.457142857142857,-0.0
1.5928571428571427,-0.0
1.7285714285714286,-0.0
1.8642857142857143,-0.0
2.0,-0.0
