Capacity_Constraint,Capacity_Constraint_Dual
0,0
0.007142857,17163.96473
0.014285714,17163.96473
0.021428571,17026.58418
0.028571429,16380.6957
0.035714286,16380.6957
0.042857143,10567.69939
0.05,10567.69939
0.057142857,10567.69939
0.064285714,7022.054111
0.071428571,3476.408835
0.078571429,3476.408835
0.085714286,3476.408835
0.092857143,1703.586197
0.1,0
